run_id,app_name,dataset,method,config_label,interval_seconds,samples_per_window,quadrature_nodes,num_windows,normalized_nees_mean,normalized_nees_median,normalized_nees_p95,normalized_nees_variance,rot_error_median,rot_pred_sigma_median,pos_error_median,pos_pred_sigma_median,vel_error_median,vel_pred_sigma_median
20260914T171354722977Z,evalSeparateNoiseGroupImuComparisonWithQuadrature,MH01,galilean,alpha_g3.1091_a9.75984_endpoint_v2_intcov1.6974524071630477e-05,0.2,40,0,720,1.19505,0.794828,3.47888,1.65514,0.000511048,0.000235926,0.00142946,0.00210022,0.00999399,0.00873207
20260914T171354722977Z,evalSeparateNoiseGroupImuComparisonWithQuadrature,MH01,quadrature,alpha_g3.1091_a9.75984_endpoint_v2_intcov1.6974524071630477e-05,0.2,40,6,720,0.512176,0.355884,1.41891,0.317003,0.000261068,0.000237591,0.00138034,0.00210664,0.0106063,0.00879341
20260914T171354722977Z,evalSeparateNoiseGroupImuComparisonWithQuadrature,MH01,manifold,alpha_g3.1091_a9.75984_endpoint_v2_intcov1.6974524071630477e-05,0.2,40,0,720,1.196,0.791101,3.48174,1.66219,0.000511048,0.000235926,0.00142931,0.00210021,0.0101573,0.00873197
20260914T171354722977Z,evalSeparateNoiseGroupImuComparisonWithQuadrature,MH01,galilean,alpha_g3.1091_a9.75984_endpoint_v2_intcov1.6974524071630477e-05,0.5,100,0,288,1.12277,0.835701,3.05465,0.920434,0.000680334,0.000373031,0.00656065,0.00493854,0.0210155,0.0138292
20260914T171354722977Z,evalSeparateNoiseGroupImuComparisonWithQuadrature,MH01,quadrature,alpha_g3.1091_a9.75984_endpoint_v2_intcov1.6974524071630477e-05,0.5,100,10,288,0.712788,0.515606,1.98125,0.514045,0.000348915,0.000374187,0.00628962,0.00492905,0.0222733,0.0138707
20260914T171354722977Z,evalSeparateNoiseGroupImuComparisonWithQuadrature,MH01,manifold,alpha_g3.1091_a9.75984_endpoint_v2_intcov1.6974524071630477e-05,0.5,100,0,288,1.12462,0.839056,2.97424,0.936579,0.000680334,0.000373031,0.00653654,0.00493847,0.0209907,0.0138288
20260914T171354722977Z,evalSeparateNoiseGroupImuComparisonWithQuadrature,MH01,galilean,alpha_g3.1091_a9.75984_endpoint_v2_intcov1.6974524071630477e-05,1,200,0,144,1.26952,0.997416,3.15977,0.811224,0.000889464,0.000527546,0.0201848,0.0120359,0.0351743,0.0196714
20260914T171354722977Z,evalSeparateNoiseGroupImuComparisonWithQuadrature,MH01,quadrature,alpha_g3.1091_a9.75984_endpoint_v2_intcov1.6974524071630477e-05,1,200,14,144,1.01459,0.795727,2.6919,0.638693,0.00052738,0.000528398,0.0200004,0.012013,0.0362076,0.0196989
20260914T171354722977Z,evalSeparateNoiseGroupImuComparisonWithQuadrature,MH01,manifold,alpha_g3.1091_a9.75984_endpoint_v2_intcov1.6974524071630477e-05,1,200,0,144,1.2713,1.00608,3.16089,0.833441,0.000889464,0.000527546,0.020313,0.0120354,0.0351847,0.0196702
20260914T171354722977Z,evalSeparateNoiseGroupImuComparisonWithQuadrature,MH01,delama_gal3_python,alpha_g3.1091_a9.75984_endpoint_v2_intcov1.6974524071630477e-05,0.2,40,0,720,1.195054207106227,0.7948282328812526,3.47887479009634,1.6551439658248037,0.000511047747954135,0.0002359258186764644,0.0014294552392024036,0.0021002182492598914,0.009993988399807197,0.00873207051838431
20260914T171354722977Z,evalSeparateNoiseGroupImuComparisonWithQuadrature,MH01,delama_gal3_python,alpha_g3.1091_a9.75984_endpoint_v2_intcov1.6974524071630477e-05,0.5,100,0,288,1.1227662379340122,0.835701454093053,3.054650741407349,0.9204337299277421,0.0006803341995144163,0.00037303147163009616,0.006560650967145513,0.0049385368243785015,0.021015526324910234,0.013829248168341832
20260914T171354722977Z,evalSeparateNoiseGroupImuComparisonWithQuadrature,MH01,delama_gal3_python,alpha_g3.1091_a9.75984_endpoint_v2_intcov1.6974524071630477e-05,1.0,200,0,144,1.2695214448710266,0.9974163658059126,3.159768245825657,0.8112239220303771,0.0008894641614514815,0.0005275461639279153,0.0201848055355945,0.012035854622395151,0.03517426010021614,0.019671368470236192
20260914T171354722977Z,evalSeparateNoiseGroupImuComparisonWithQuadrature,MH02,galilean,alpha_g3.1091_a9.75984_endpoint_v2_intcov1.6974524071630477e-05,0.2,40,0,568,0.912331,0.59807,2.55902,0.998024,0.000415141,0.000235926,0.00122731,0.00210022,0.00925037,0.00873205
20260914T171354722977Z,evalSeparateNoiseGroupImuComparisonWithQuadrature,MH02,quadrature,alpha_g3.1091_a9.75984_endpoint_v2_intcov1.6974524071630477e-05,0.2,40,6,568,0.415381,0.303363,1.09741,0.131736,0.000240141,0.000237589,0.00111886,0.00210664,0.00985582,0.0087934
20260914T171354722977Z,evalSeparateNoiseGroupImuComparisonWithQuadrature,MH02,manifold,alpha_g3.1091_a9.75984_endpoint_v2_intcov1.6974524071630477e-05,0.2,40,0,568,0.911393,0.602847,2.55319,0.998825,0.000415141,0.000235926,0.00122846,0.00210021,0.00932374,0.00873195
20260914T171354722977Z,evalSeparateNoiseGroupImuComparisonWithQuadrature,MH02,galilean,alpha_g3.1091_a9.75984_endpoint_v2_intcov1.6974524071630477e-05,0.5,100,0,227,0.939071,0.734464,2.30566,0.485293,0.000668789,0.000373031,0.00541344,0.0049385,0.0186214,0.013829
20260914T171354722977Z,evalSeparateNoiseGroupImuComparisonWithQuadrature,MH02,quadrature,alpha_g3.1091_a9.75984_endpoint_v2_intcov1.6974524071630477e-05,0.5,100,10,227,0.525622,0.403213,1.2996,0.192129,0.000281512,0.000374183,0.00528081,0.00492902,0.020203,0.0138706
20260914T171354722977Z,evalSeparateNoiseGroupImuComparisonWithQuadrature,MH02,manifold,alpha_g3.1091_a9.75984_endpoint_v2_intcov1.6974524071630477e-05,0.5,100,0,227,0.936775,0.732768,2.31531,0.48083,0.000668789,0.000373031,0.00540539,0.00493843,0.0188821,0.0138287
20260914T171354722977Z,evalSeparateNoiseGroupImuComparisonWithQuadrature,MH02,galilean,alpha_g3.1091_a9.75984_endpoint_v2_intcov1.6974524071630477e-05,1,200,0,113,0.885619,0.695948,2.18994,0.41076,0.000645648,0.000527546,0.0169008,0.012036,0.0290166,0.0196716
20260914T171354722977Z,evalSeparateNoiseGroupImuComparisonWithQuadrature,MH02,quadrature,alpha_g3.1091_a9.75984_endpoint_v2_intcov1.6974524071630477e-05,1,200,14,113,0.710582,0.554691,1.65606,0.306965,0.000340565,0.000528368,0.0160966,0.0120132,0.0303141,0.0196991
20260914T171354722977Z,evalSeparateNoiseGroupImuComparisonWithQuadrature,MH02,manifold,alpha_g3.1091_a9.75984_endpoint_v2_intcov1.6974524071630477e-05,1,200,0,113,0.880843,0.698297,2.14723,0.403413,0.000645648,0.000527546,0.0166225,0.0120355,0.0291053,0.0196705
20260914T171354722977Z,evalSeparateNoiseGroupImuComparisonWithQuadrature,MH02,delama_gal3_python,alpha_g3.1091_a9.75984_endpoint_v2_intcov1.6974524071630477e-05,0.2,40,0,568,0.9123306452581248,0.5980702940465566,2.5590170984764407,0.9980237866148842,0.00041514052932368887,0.00023592581986568695,0.0012273050597104863,0.0021002176388799565,0.009250365392042458,0.008732050737030355
20260914T171354722977Z,evalSeparateNoiseGroupImuComparisonWithQuadrature,MH02,delama_gal3_python,alpha_g3.1091_a9.75984_endpoint_v2_intcov1.6974524071630477e-05,0.5,100,0,227,0.9390709524161841,0.734464192989559,2.3056610016775427,0.4852931947574636,0.0006687894241898115,0.0003730314740793955,0.005413444759152,0.004938500022766112,0.018621374673395582,0.01382904412376812
20260914T171354722977Z,evalSeparateNoiseGroupImuComparisonWithQuadrature,MH02,delama_gal3_python,alpha_g3.1091_a9.75984_endpoint_v2_intcov1.6974524071630477e-05,1.0,200,0,113,0.8856188469462091,0.6959476051800497,2.189942203846102,0.41075950975237074,0.0006456483188878199,0.0005275461687948834,0.016900802977224662,0.012035987823470831,0.02901656235278669,0.019671640967674688
20260914T171354722977Z,evalSeparateNoiseGroupImuComparisonWithQuadrature,MH03,galilean,alpha_g3.1091_a9.75984_endpoint_v2_intcov1.6974524071630477e-05,0.2,40,0,572,2.95791,1.24649,7.45368,114.565,0.000593078,0.000235931,0.0014985,0.00210029,0.0122727,0.00873229
20260914T171354722977Z,evalSeparateNoiseGroupImuComparisonWithQuadrature,MH03,quadrature,alpha_g3.1091_a9.75984_endpoint_v2_intcov1.6974524071630477e-05,0.2,40,6,572,1.87893,0.484368,4.60001,101.522,0.000268893,0.000237589,0.001316,0.00210659,0.0130132,0.00879311
20260914T171354722977Z,evalSeparateNoiseGroupImuComparisonWithQuadrature,MH03,manifold,alpha_g3.1091_a9.75984_endpoint_v2_intcov1.6974524071630477e-05,0.2,40,0,572,2.95553,1.23085,7.45586,114.591,0.000593078,0.000235931,0.00149146,0.00210029,0.0122626,0.00873219
20260914T171354722977Z,evalSeparateNoiseGroupImuComparisonWithQuadrature,MH03,galilean,alpha_g3.1091_a9.75984_endpoint_v2_intcov1.6974524071630477e-05,0.5,100,0,228,2.95157,1.33314,6.98139,40.7206,0.000820334,0.00037304,0.00804414,0.00493881,0.0256573,0.0138295
20260914T171354722977Z,evalSeparateNoiseGroupImuComparisonWithQuadrature,MH03,quadrature,alpha_g3.1091_a9.75984_endpoint_v2_intcov1.6974524071630477e-05,0.5,100,10,228,2.22264,0.634552,6.02584,40.3523,0.000328088,0.000374229,0.00804517,0.00492906,0.0266884,0.0138701
20260914T171354722977Z,evalSeparateNoiseGroupImuComparisonWithQuadrature,MH03,manifold,alpha_g3.1091_a9.75984_endpoint_v2_intcov1.6974524071630477e-05,0.5,100,0,228,2.94973,1.33127,7.06929,40.8604,0.000820334,0.00037304,0.00791101,0.00493874,0.025586,0.0138291
20260914T171354722977Z,evalSeparateNoiseGroupImuComparisonWithQuadrature,MH03,galilean,alpha_g3.1091_a9.75984_endpoint_v2_intcov1.6974524071630477e-05,1,200,0,114,2.59968,1.56339,7.79294,9.69748,0.000907327,0.000527559,0.0256607,0.0120367,0.0430466,0.0196719
20260914T171354722977Z,evalSeparateNoiseGroupImuComparisonWithQuadrature,MH03,quadrature,alpha_g3.1091_a9.75984_endpoint_v2_intcov1.6974524071630477e-05,1,200,14,114,2.11247,1.08514,7.552,8.46249,0.000395526,0.000528585,0.0249974,0.0120133,0.0437409,0.0196982
20260914T171354722977Z,evalSeparateNoiseGroupImuComparisonWithQuadrature,MH03,manifold,alpha_g3.1091_a9.75984_endpoint_v2_intcov1.6974524071630477e-05,1,200,0,114,2.59102,1.52155,7.77679,9.64593,0.000907327,0.000527559,0.0255212,0.0120363,0.0428063,0.0196708
20260914T171354722977Z,evalSeparateNoiseGroupImuComparisonWithQuadrature,MH03,delama_gal3_python,alpha_g3.1091_a9.75984_endpoint_v2_intcov1.6974524071630477e-05,0.2,40,0,572,2.9579125835485276,1.246494034729254,7.453680676227078,114.56456389759651,0.000593078195840369,0.00023593143872266905,0.0014984991147635285,0.002100291980844447,0.012272709860757534,0.008732289084493644
20260914T171354722977Z,evalSeparateNoiseGroupImuComparisonWithQuadrature,MH03,delama_gal3_python,alpha_g3.1091_a9.75984_endpoint_v2_intcov1.6974524071630477e-05,0.5,100,0,228,2.9515662106210594,1.3331402359317042,6.981386392123412,40.720554213978495,0.0008203338360533832,0.00037304035796081186,0.008044139824589451,0.0049388115285447474,0.025657327965152202,0.013829486511545676
20260914T171354722977Z,evalSeparateNoiseGroupImuComparisonWithQuadrature,MH03,delama_gal3_python,alpha_g3.1091_a9.75984_endpoint_v2_intcov1.6974524071630477e-05,1.0,200,0,114,2.5996776216319715,1.5633896832814718,7.792939633542819,9.697474943202932,0.0009073265174347775,0.0005275587269687719,0.025660700044697657,0.01203672211613155,0.04304661194250892,0.0196719195155897
20260914T171354722977Z,evalSeparateNoiseGroupImuComparisonWithQuadrature,MH04,galilean,alpha_g3.1091_a9.75984_endpoint_v2_intcov1.6974524071630477e-05,0.2,40,0,399,2.93362,0.895907,4.72302,901.493,0.000502473,0.000235931,0.00163089,0.00210029,0.0118323,0.00873226
20260914T171354722977Z,evalSeparateNoiseGroupImuComparisonWithQuadrature,MH04,quadrature,alpha_g3.1091_a9.75984_endpoint_v2_intcov1.6974524071630477e-05,0.2,40,6,399,2.31111,0.475172,2.50666,882.518,0.000286128,0.000237585,0.00161022,0.00210659,0.0119439,0.00879309
20260914T171354722977Z,evalSeparateNoiseGroupImuComparisonWithQuadrature,MH04,manifold,alpha_g3.1091_a9.75984_endpoint_v2_intcov1.6974524071630477e-05,0.2,40,0,399,2.92728,0.898498,4.71417,901.662,0.000502473,0.000235931,0.00159729,0.00210029,0.0116757,0.00873217
20260914T171354722977Z,evalSeparateNoiseGroupImuComparisonWithQuadrature,MH04,galilean,alpha_g3.1091_a9.75984_endpoint_v2_intcov1.6974524071630477e-05,0.5,100,0,159,2.83323,1.2088,3.83908,273.314,0.000745281,0.00037304,0.00811025,0.00493882,0.0271663,0.0138293
20260914T171354722977Z,evalSeparateNoiseGroupImuComparisonWithQuadrature,MH04,quadrature,alpha_g3.1091_a9.75984_endpoint_v2_intcov1.6974524071630477e-05,0.5,100,10,159,2.37752,0.690793,3.40731,273.416,0.000335174,0.000374194,0.00814731,0.00492906,0.027053,0.0138698
20260914T171354722977Z,evalSeparateNoiseGroupImuComparisonWithQuadrature,MH04,manifold,alpha_g3.1091_a9.75984_endpoint_v2_intcov1.6974524071630477e-05,0.5,100,0,159,2.82168,1.21335,3.78797,273.783,0.000745281,0.00037304,0.00813277,0.00493875,0.0273202,0.0138288
20260914T171354722977Z,evalSeparateNoiseGroupImuComparisonWithQuadrature,MH04,galilean,alpha_g3.1091_a9.75984_endpoint_v2_intcov1.6974524071630477e-05,1,200,0,79,2.42157,1.31796,3.71909,57.998,0.000797791,0.000527559,0.0265267,0.0120366,0.0402897,0.0196717
20260914T171354722977Z,evalSeparateNoiseGroupImuComparisonWithQuadrature,MH04,quadrature,alpha_g3.1091_a9.75984_endpoint_v2_intcov1.6974524071630477e-05,1,200,14,79,2.17282,0.973235,3.60944,59.0864,0.000385267,0.000528447,0.0251208,0.0120132,0.0422358,0.0196981
20260914T171354722977Z,evalSeparateNoiseGroupImuComparisonWithQuadrature,MH04,manifold,alpha_g3.1091_a9.75984_endpoint_v2_intcov1.6974524071630477e-05,1,200,0,79,2.4013,1.31059,3.74214,57.8743,0.000797791,0.000527559,0.0262935,0.0120361,0.0403961,0.0196706
20260914T171354722977Z,evalSeparateNoiseGroupImuComparisonWithQuadrature,MH04,delama_gal3_python,alpha_g3.1091_a9.75984_endpoint_v2_intcov1.6974524071630477e-05,0.2,40,0,399,2.933618035620818,0.8959064657653355,4.723026921799619,901.4931257626201,0.0005024727393241385,0.0002359314419560209,0.0016308918478881668,0.0021002909506740637,0.011832310642550449,0.008732263213293446
20260914T171354722977Z,evalSeparateNoiseGroupImuComparisonWithQuadrature,MH04,delama_gal3_python,alpha_g3.1091_a9.75984_endpoint_v2_intcov1.6974524071630477e-05,0.5,100,0,159,2.8332262633504546,1.2087973704793251,3.8390816449257934,273.3144853606029,0.0007452810877776745,0.00037304036269592266,0.00811025472548036,0.004938823748318666,0.027166279850439342,0.013829264234618764
20260914T171354722977Z,evalSeparateNoiseGroupImuComparisonWithQuadrature,MH04,delama_gal3_python,alpha_g3.1091_a9.75984_endpoint_v2_intcov1.6974524071630477e-05,1.0,200,0,79,2.421568434380193,1.3179641642745434,3.719086483393833,57.99799830141693,0.0007977911632647527,0.0005275587382779559,0.026526693256620285,0.012036592484884652,0.04028965198243194,0.01967169698287896
20260914T171354722977Z,evalSeparateNoiseGroupImuComparisonWithQuadrature,MH05,galilean,alpha_g3.1091_a9.75984_endpoint_v2_intcov1.6974524071630477e-05,0.2,40,0,464,1.56271,0.780276,3.79362,26.2631,0.000396587,0.000235926,0.00169806,0.00210022,0.012578,0.00873203
20260914T171354722977Z,evalSeparateNoiseGroupImuComparisonWithQuadrature,MH05,quadrature,alpha_g3.1091_a9.75984_endpoint_v2_intcov1.6974524071630477e-05,0.2,40,6,464,1.15816,0.487424,2.11794,25.3029,0.000270198,0.000237589,0.0016888,0.00210664,0.0129526,0.00879339
20260914T171354722977Z,evalSeparateNoiseGroupImuComparisonWithQuadrature,MH05,manifold,alpha_g3.1091_a9.75984_endpoint_v2_intcov1.6974524071630477e-05,0.2,40,0,464,1.55837,0.782748,3.78887,26.2712,0.000396587,0.000235926,0.001704,0.00210021,0.0124377,0.00873194
20260914T171354722977Z,evalSeparateNoiseGroupImuComparisonWithQuadrature,MH05,galilean,alpha_g3.1091_a9.75984_endpoint_v2_intcov1.6974524071630477e-05,0.5,100,0,185,1.75968,0.949141,3.95361,10.0098,0.00057617,0.000373031,0.00819741,0.00493854,0.0276084,0.013829
20260914T171354722977Z,evalSeparateNoiseGroupImuComparisonWithQuadrature,MH05,quadrature,alpha_g3.1091_a9.75984_endpoint_v2_intcov1.6974524071630477e-05,0.5,100,10,185,1.44964,0.679788,2.66658,9.5279,0.00031605,0.000374188,0.00809829,0.00492905,0.0281247,0.0138705
20260914T171354722977Z,evalSeparateNoiseGroupImuComparisonWithQuadrature,MH05,manifold,alpha_g3.1091_a9.75984_endpoint_v2_intcov1.6974524071630477e-05,0.5,100,0,185,1.75101,0.944113,3.98591,10.008,0.00057617,0.000373031,0.00813216,0.00493847,0.0278073,0.0138286
20260914T171354722977Z,evalSeparateNoiseGroupImuComparisonWithQuadrature,MH05,galilean,alpha_g3.1091_a9.75984_endpoint_v2_intcov1.6974524071630477e-05,1,200,0,92,1.71754,1.0751,5.59592,3.43511,0.000677451,0.000527546,0.0273658,0.0120359,0.0393164,0.0196701
20260914T171354722977Z,evalSeparateNoiseGroupImuComparisonWithQuadrature,MH05,quadrature,alpha_g3.1091_a9.75984_endpoint_v2_intcov1.6974524071630477e-05,1,200,14,92,1.56711,1.02609,4.19707,3.15778,0.000395119,0.000528393,0.0286133,0.0120131,0.0407569,0.0196978
20260914T171354722977Z,evalSeparateNoiseGroupImuComparisonWithQuadrature,MH05,manifold,alpha_g3.1091_a9.75984_endpoint_v2_intcov1.6974524071630477e-05,1,200,0,92,1.70343,1.07024,5.61115,3.44974,0.000677451,0.000527546,0.0274966,0.0120354,0.0393728,0.0196689
20260914T171354722977Z,evalSeparateNoiseGroupImuComparisonWithQuadrature,MH05,delama_gal3_python,alpha_g3.1091_a9.75984_endpoint_v2_intcov1.6974524071630477e-05,0.2,40,0,464,1.562705897987407,0.7802758608415532,3.793617363643463,26.26314550280669,0.00039658678641719454,0.00023592581992632587,0.001698056946346966,0.0021002178706954256,0.01257804819587727,0.00873203465345861
20260914T171354722977Z,evalSeparateNoiseGroupImuComparisonWithQuadrature,MH05,delama_gal3_python,alpha_g3.1091_a9.75984_endpoint_v2_intcov1.6974524071630477e-05,0.5,100,0,185,1.7596798091916621,0.9491412204247178,3.953608955459842,10.009839696234984,0.0005761700229924654,0.0003730314739684568,0.008197406258007462,0.004938535003808957,0.02760840000404412,0.013828975222338141
20260914T171354722977Z,evalSeparateNoiseGroupImuComparisonWithQuadrature,MH05,delama_gal3_python,alpha_g3.1091_a9.75984_endpoint_v2_intcov1.6974524071630477e-05,1.0,200,0,92,1.7175418946331111,1.075100434096404,5.595923017283578,3.4351136802855926,0.0006774511646592711,0.0005275461684093024,0.027365786202702656,0.012035905860444344,0.03931641138624633,0.01967006359448354
20260914T171354722977Z,evalSeparateNoiseGroupImuComparisonWithQuadrature,V101,galilean,alpha_g13.5375_a14.5209_endpoint_v2_intcov0,0.2,40,0,696,0.649829,0.558396,1.48137,0.16784,0.00135668,0.00102728,0.00184537,0.00150144,0.0170084,0.0130226
20260914T171354722977Z,evalSeparateNoiseGroupImuComparisonWithQuadrature,V101,quadrature,alpha_g13.5375_a14.5209_endpoint_v2_intcov0,0.2,40,6,696,0.623089,0.541509,1.39935,0.159926,0.0012306,0.00103449,0.00180926,0.0014858,0.017202,0.0131123
20260914T171354722977Z,evalSeparateNoiseGroupImuComparisonWithQuadrature,V101,manifold,alpha_g13.5375_a14.5209_endpoint_v2_intcov0,0.2,40,0,696,0.649524,0.556413,1.48029,0.167589,0.00135668,0.00102728,0.00186437,0.00150133,0.0169477,0.0130213
20260914T171354722977Z,evalSeparateNoiseGroupImuComparisonWithQuadrature,V101,galilean,alpha_g13.5375_a14.5209_endpoint_v2_intcov0,0.5,100,0,278,1.29125,1.09205,2.87436,0.750265,0.00316397,0.00162427,0.0105523,0.00597269,0.0405693,0.0208755
20260914T171354722977Z,evalSeparateNoiseGroupImuComparisonWithQuadrature,V101,quadrature,alpha_g13.5375_a14.5209_endpoint_v2_intcov0,0.5,100,10,278,1.27013,1.0927,2.94498,0.732374,0.00298989,0.00162945,0.0105207,0.00594482,0.0404969,0.0209322
20260914T171354722977Z,evalSeparateNoiseGroupImuComparisonWithQuadrature,V101,manifold,alpha_g13.5375_a14.5209_endpoint_v2_intcov0,0.5,100,0,278,1.29061,1.09195,2.86841,0.750348,0.00316397,0.00162427,0.0105436,0.00597158,0.0411689,0.0208705
20260914T171354722977Z,evalSeparateNoiseGroupImuComparisonWithQuadrature,V101,galilean,alpha_g13.5375_a14.5209_endpoint_v2_intcov0,1,200,0,139,2.37139,1.95388,5.59128,2.59551,0.0060285,0.00229707,0.0415242,0.0172644,0.0843709,0.0309214
20260914T171354722977Z,evalSeparateNoiseGroupImuComparisonWithQuadrature,V101,quadrature,alpha_g13.5375_a14.5209_endpoint_v2_intcov0,1,200,14,139,2.3769,1.99973,5.68747,2.72554,0.00600578,0.00230177,0.040666,0.0172218,0.0811932,0.0309508
20260914T171354722977Z,evalSeparateNoiseGroupImuComparisonWithQuadrature,V101,manifold,alpha_g13.5375_a14.5209_endpoint_v2_intcov0,1,200,0,139,2.37006,1.95302,5.48616,2.59522,0.0060285,0.00229707,0.0409607,0.0172583,0.0849785,0.0309077
20260914T171354722977Z,evalSeparateNoiseGroupImuComparisonWithQuadrature,V101,delama_gal3_python,alpha_g13.5375_a14.5209_endpoint_v2_intcov0,0.2,40,0,696,0.649829340922086,0.5583964754383037,1.4813742544274993,0.16784021035099678,0.0013566799140676275,0.001027278748268135,0.0018453666041959706,0.0015014423649260327,0.017008412957050884,0.013022626805270558
20260914T171354722977Z,evalSeparateNoiseGroupImuComparisonWithQuadrature,V101,delama_gal3_python,alpha_g13.5375_a14.5209_endpoint_v2_intcov0,0.5,100,0,278,1.2912458270116813,1.0920499496527976,2.874359670504623,0.750264817943044,0.0031639720879274883,0.0016242703154177717,0.010552284992521806,0.005972688083496986,0.040569308413519516,0.020875524545544213
20260914T171354722977Z,evalSeparateNoiseGroupImuComparisonWithQuadrature,V101,delama_gal3_python,alpha_g13.5375_a14.5209_endpoint_v2_intcov0,1.0,200,0,139,2.3713873696934593,1.9538764937052595,5.59127657539728,2.5955129849041683,0.006028495009182488,0.0022970650919325085,0.041524171748787655,0.01726437642052898,0.08437093185039474,0.03092136094278163
20260914T171354722977Z,evalSeparateNoiseGroupImuComparisonWithQuadrature,V102,galilean,alpha_g13.5375_a14.5209_endpoint_v2_intcov0,0.2,40,0,400,0.386129,0.294999,1.02013,0.102811,0.000731759,0.00102725,0.00171862,0.00150136,0.0124643,0.0130228
20260914T171354722977Z,evalSeparateNoiseGroupImuComparisonWithQuadrature,V102,quadrature,alpha_g13.5375_a14.5209_endpoint_v2_intcov0,0.2,40,6,400,0.306861,0.251818,0.708065,0.0482275,0.000448363,0.00103478,0.0015552,0.00148578,0.0126217,0.0131131
20260914T171354722977Z,evalSeparateNoiseGroupImuComparisonWithQuadrature,V102,manifold,alpha_g13.5375_a14.5209_endpoint_v2_intcov0,0.2,40,0,400,0.394045,0.307647,1.01688,0.109266,0.000731759,0.00102725,0.00171417,0.00150124,0.0126508,0.0130215
20260914T171354722977Z,evalSeparateNoiseGroupImuComparisonWithQuadrature,V102,galilean,alpha_g13.5375_a14.5209_endpoint_v2_intcov0,0.5,100,0,160,0.507205,0.377863,1.14595,0.264972,0.00131922,0.00162423,0.00750612,0.00597258,0.0275572,0.020878
20260914T171354722977Z,evalSeparateNoiseGroupImuComparisonWithQuadrature,V102,quadrature,alpha_g13.5375_a14.5209_endpoint_v2_intcov0,0.5,100,10,160,0.404329,0.321461,0.846668,0.102337,0.00085879,0.00163167,0.00771542,0.00594496,0.0264996,0.020936
20260914T171354722977Z,evalSeparateNoiseGroupImuComparisonWithQuadrature,V102,manifold,alpha_g13.5375_a14.5209_endpoint_v2_intcov0,0.5,100,0,160,0.527173,0.383697,1.20726,0.293781,0.00131922,0.00162423,0.00762211,0.00597146,0.0276014,0.0208729
20260914T171354722977Z,evalSeparateNoiseGroupImuComparisonWithQuadrature,V102,galilean,alpha_g13.5375_a14.5209_endpoint_v2_intcov0,1,200,0,80,0.674395,0.51401,1.51243,0.239548,0.00205948,0.00229701,0.0253213,0.0172675,0.0452374,0.0309291
20260914T171354722977Z,evalSeparateNoiseGroupImuComparisonWithQuadrature,V102,quadrature,alpha_g13.5375_a14.5209_endpoint_v2_intcov0,1,200,14,80,0.608666,0.468824,1.27262,0.215105,0.0013341,0.00231,0.0255675,0.0172258,0.0464072,0.0309586
20260914T171354722977Z,evalSeparateNoiseGroupImuComparisonWithQuadrature,V102,manifold,alpha_g13.5375_a14.5209_endpoint_v2_intcov0,1,200,0,80,0.705838,0.558655,1.60863,0.282209,0.00205948,0.00229701,0.0259426,0.0172613,0.0465422,0.0309155
20260914T171354722977Z,evalSeparateNoiseGroupImuComparisonWithQuadrature,V102,delama_gal3_python,alpha_g13.5375_a14.5209_endpoint_v2_intcov0,0.2,40,0,400,0.3861290692428513,0.2949993074475723,1.0201257533939407,0.10281086059157336,0.0007317592058001129,0.0010272540795926701,0.0017186233066317131,0.0015013551177362403,0.012464310167769822,0.013022775315100467
20260914T171354722977Z,evalSeparateNoiseGroupImuComparisonWithQuadrature,V102,delama_gal3_python,alpha_g13.5375_a14.5209_endpoint_v2_intcov0,0.5,100,0,160,0.5072050763544894,0.3778629865356403,1.1459466606904725,0.26497249715582943,0.001319218980309907,0.0016242313064273733,0.007506116776863039,0.005972576761969673,0.027557231302365117,0.020877966725304214
20260914T171354722977Z,evalSeparateNoiseGroupImuComparisonWithQuadrature,V102,delama_gal3_python,alpha_g13.5375_a14.5209_endpoint_v2_intcov0,1.0,200,0,80,0.6743949409937926,0.5140100415492832,1.5124256103900646,0.23954763579001176,0.0020594808379269863,0.0022970098677524958,0.025321265492137486,0.017267464474171886,0.045237438925358725,0.030929073980502896
20260914T171354722977Z,evalSeparateNoiseGroupImuComparisonWithQuadrature,V103,galilean,alpha_g13.5375_a14.5209_endpoint_v2_intcov0,0.2,40,0,508,0.74779,0.527668,2.11401,0.447324,0.00100719,0.00102728,0.00212189,0.00150148,0.0152064,0.0130235
20260914T171354722977Z,evalSeparateNoiseGroupImuComparisonWithQuadrature,V103,quadrature,alpha_g13.5375_a14.5209_endpoint_v2_intcov0,0.2,40,6,508,0.569929,0.418034,1.52072,0.222166,0.000539198,0.00103487,0.00188445,0.00148583,0.015704,0.013113
20260914T171354722977Z,evalSeparateNoiseGroupImuComparisonWithQuadrature,V103,manifold,alpha_g13.5375_a14.5209_endpoint_v2_intcov0,0.2,40,0,508,0.757527,0.533396,2.13452,0.46091,0.00100719,0.00102728,0.00212517,0.00150137,0.0152752,0.0130222
20260914T171354722977Z,evalSeparateNoiseGroupImuComparisonWithQuadrature,V103,galilean,alpha_g13.5375_a14.5209_endpoint_v2_intcov0,0.5,100,0,203,0.938708,0.631732,2.71137,0.765989,0.00201777,0.00162427,0.0094852,0.00597348,0.032297,0.020881
20260914T171354722977Z,evalSeparateNoiseGroupImuComparisonWithQuadrature,V103,quadrature,alpha_g13.5375_a14.5209_endpoint_v2_intcov0,0.5,100,10,203,0.692297,0.542317,1.63115,0.382073,0.00113056,0.00163196,0.00909135,0.0059456,0.0315031,0.020938
20260914T171354722977Z,evalSeparateNoiseGroupImuComparisonWithQuadrature,V103,manifold,alpha_g13.5375_a14.5209_endpoint_v2_intcov0,0.5,100,0,203,0.966809,0.662289,2.79112,0.815532,0.00201777,0.00162427,0.00973568,0.00597239,0.0326183,0.0208759
20260914T171354722977Z,evalSeparateNoiseGroupImuComparisonWithQuadrature,V103,galilean,alpha_g13.5375_a14.5209_endpoint_v2_intcov0,1,200,0,101,1.26191,1.01546,3.20042,1.07962,0.0026083,0.00229706,0.0321825,0.0172744,0.0604673,0.03097
20260914T171354722977Z,evalSeparateNoiseGroupImuComparisonWithQuadrature,V103,quadrature,alpha_g13.5375_a14.5209_endpoint_v2_intcov0,1,200,14,101,1.05484,0.784657,2.60597,0.6822,0.00206023,0.00231228,0.0306636,0.0172316,0.0536609,0.0309961
20260914T171354722977Z,evalSeparateNoiseGroupImuComparisonWithQuadrature,V103,manifold,alpha_g13.5375_a14.5209_endpoint_v2_intcov0,1,200,0,101,1.30674,1.04007,3.29284,1.17486,0.0026083,0.00229706,0.0323977,0.0172681,0.0598741,0.0309556
20260914T171354722977Z,evalSeparateNoiseGroupImuComparisonWithQuadrature,V103,delama_gal3_python,alpha_g13.5375_a14.5209_endpoint_v2_intcov0,0.2,40,0,508,0.7477897013643777,0.5276682193787696,2.1140056152758575,0.4473244289549228,0.0010071918779089655,0.0010272784654847696,0.002121894311422317,0.0015014796536190948,0.01520635368016338,0.013023469988900447
20260914T171354722977Z,evalSeparateNoiseGroupImuComparisonWithQuadrature,V103,delama_gal3_python,alpha_g13.5375_a14.5209_endpoint_v2_intcov0,0.5,100,0,203,0.9387078576883676,0.631732216993451,2.711368076127093,0.76598913415461,0.002017766822343143,0.00162426975769689,0.009485195116209377,0.00597347853623485,0.03229703308712208,0.020880986163735068
20260914T171354722977Z,evalSeparateNoiseGroupImuComparisonWithQuadrature,V103,delama_gal3_python,alpha_g13.5375_a14.5209_endpoint_v2_intcov0,1.0,200,0,101,1.2619148927535497,1.015456251873636,3.2004174581747558,1.0796203226403553,0.0026083004183030264,0.0022970642316836255,0.032182506907499304,0.01727442723388319,0.06046733522028333,0.03097001952534676
20260914T171354722977Z,evalSeparateNoiseGroupImuComparisonWithQuadrature,V201,galilean,alpha_g13.5375_a14.5209_endpoint_v2_intcov0,0.2,40,0,525,0.547347,0.445953,1.19132,0.178976,0.000779354,0.00102728,0.00209911,0.00150148,0.0204776,0.0130232
20260914T171354722977Z,evalSeparateNoiseGroupImuComparisonWithQuadrature,V201,quadrature,alpha_g13.5375_a14.5209_endpoint_v2_intcov0,0.2,40,6,525,0.479277,0.3896,1.03555,0.142717,0.00051983,0.00103449,0.00202027,0.00148583,0.0203326,0.0131129
20260914T171354722977Z,evalSeparateNoiseGroupImuComparisonWithQuadrature,V201,manifold,alpha_g13.5375_a14.5209_endpoint_v2_intcov0,0.2,40,0,525,0.548097,0.445969,1.19161,0.178789,0.000779354,0.00102728,0.0021033,0.00150136,0.0201297,0.013022
20260914T171354722977Z,evalSeparateNoiseGroupImuComparisonWithQuadrature,V201,galilean,alpha_g13.5375_a14.5209_endpoint_v2_intcov0,0.5,100,0,210,0.992831,0.748839,2.3651,0.690859,0.0013596,0.00162427,0.0120958,0.00597346,0.0471518,0.0208821
20260914T171354722977Z,evalSeparateNoiseGroupImuComparisonWithQuadrature,V201,quadrature,alpha_g13.5375_a14.5209_endpoint_v2_intcov0,0.5,100,10,210,0.957719,0.723997,2.35864,0.703163,0.00104456,0.00162931,0.0117613,0.00594559,0.0473576,0.0209386
20260914T171354722977Z,evalSeparateNoiseGroupImuComparisonWithQuadrature,V201,manifold,alpha_g13.5375_a14.5209_endpoint_v2_intcov0,0.5,100,0,210,0.995064,0.753257,2.33315,0.694126,0.0013596,0.00162427,0.0121549,0.00597233,0.0472273,0.020877
20260914T171354722977Z,evalSeparateNoiseGroupImuComparisonWithQuadrature,V201,galilean,alpha_g13.5375_a14.5209_endpoint_v2_intcov0,1,200,0,105,1.71988,1.30569,4.28056,1.8602,0.00208417,0.00229707,0.0458816,0.0172697,0.0937673,0.0309242
20260914T171354722977Z,evalSeparateNoiseGroupImuComparisonWithQuadrature,V201,quadrature,alpha_g13.5375_a14.5209_endpoint_v2_intcov0,1,200,14,105,1.71101,1.36403,4.17692,1.93865,0.00191749,0.00230102,0.0457965,0.0172269,0.0949638,0.0309499
20260914T171354722977Z,evalSeparateNoiseGroupImuComparisonWithQuadrature,V201,manifold,alpha_g13.5375_a14.5209_endpoint_v2_intcov0,1,200,0,105,1.72201,1.30948,4.25645,1.86799,0.00208417,0.00229707,0.045191,0.0172635,0.093575,0.0309102
20260914T171354722977Z,evalSeparateNoiseGroupImuComparisonWithQuadrature,V201,delama_gal3_python,alpha_g13.5375_a14.5209_endpoint_v2_intcov0,0.2,40,0,525,0.5473468073327985,0.44595263773814103,1.1913182434710878,0.17897562056905542,0.0007793539606957716,0.0010272787495931377,0.002099109683086124,0.0015014769007385223,0.020477631829726877,0.013023240625729727
20260914T171354722977Z,evalSeparateNoiseGroupImuComparisonWithQuadrature,V201,delama_gal3_python,alpha_g13.5375_a14.5209_endpoint_v2_intcov0,0.5,100,0,210,0.9928306314873598,0.7488394692134397,2.365097885472883,0.6908594311965961,0.0013595953282974583,0.0016242703106481187,0.012095764420670832,0.005973455487659728,0.047151762810010336,0.020882141458031633
20260914T171354722977Z,evalSeparateNoiseGroupImuComparisonWithQuadrature,V201,delama_gal3_python,alpha_g13.5375_a14.5209_endpoint_v2_intcov0,1.0,200,0,105,1.7198797245134616,1.3056885778009255,4.280558153260657,1.8601988851486166,0.002084172770844768,0.002297065093905892,0.04588156192263126,0.01726966439983349,0.09376732409702512,0.0309241641769884
20260914T171354722977Z,evalSeparateNoiseGroupImuComparisonWithQuadrature,V202,galilean,alpha_g13.5375_a14.5209_endpoint_v2_intcov0,0.2,40,0,559,0.83028,0.673892,2.06085,0.358895,0.00126976,0.00102725,0.00266178,0.0015014,0.0219016,0.0130234
20260914T171354722977Z,evalSeparateNoiseGroupImuComparisonWithQuadrature,V202,quadrature,alpha_g13.5375_a14.5209_endpoint_v2_intcov0,0.2,40,6,559,0.593983,0.503683,1.43195,0.165431,0.000650124,0.00103478,0.00255167,0.00148582,0.0219772,0.0131136
20260914T171354722977Z,evalSeparateNoiseGroupImuComparisonWithQuadrature,V202,manifold,alpha_g13.5375_a14.5209_endpoint_v2_intcov0,0.2,40,0,559,0.83506,0.681215,2.03054,0.364036,0.00126976,0.00102725,0.00264601,0.00150128,0.0218848,0.0130221
20260914T171354722977Z,evalSeparateNoiseGroupImuComparisonWithQuadrature,V202,galilean,alpha_g13.5375_a14.5209_endpoint_v2_intcov0,0.5,100,0,223,1.38047,1.15906,3.05644,0.903051,0.00238268,0.00162423,0.0144639,0.00597304,0.0519059,0.0208851
20260914T171354722977Z,evalSeparateNoiseGroupImuComparisonWithQuadrature,V202,quadrature,alpha_g13.5375_a14.5209_endpoint_v2_intcov0,0.5,100,10,223,1.14674,1.00857,2.69267,0.66799,0.00150232,0.00163139,0.014423,0.00594551,0.0521616,0.0209425
20260914T171354722977Z,evalSeparateNoiseGroupImuComparisonWithQuadrature,V202,manifold,alpha_g13.5375_a14.5209_endpoint_v2_intcov0,0.5,100,0,223,1.39609,1.17424,3.00765,0.921701,0.00238268,0.00162423,0.0141878,0.00597195,0.0523809,0.0208799
20260914T171354722977Z,evalSeparateNoiseGroupImuComparisonWithQuadrature,V202,galilean,alpha_g13.5375_a14.5209_endpoint_v2_intcov0,1,200,0,111,2.07295,1.82212,4.43344,1.713,0.00366023,0.00229701,0.0519244,0.0172699,0.096653,0.0309409
20260914T171354722977Z,evalSeparateNoiseGroupImuComparisonWithQuadrature,V202,quadrature,alpha_g13.5375_a14.5209_endpoint_v2_intcov0,1,200,14,111,2.03403,1.8111,4.44145,1.85293,0.00292953,0.00230571,0.0508234,0.017228,0.0989212,0.0309714
20260914T171354722977Z,evalSeparateNoiseGroupImuComparisonWithQuadrature,V202,manifold,alpha_g13.5375_a14.5209_endpoint_v2_intcov0,1,200,0,111,2.09481,1.89015,4.40555,1.71047,0.00366023,0.00229701,0.051717,0.0172639,0.0954035,0.0309273
20260914T171354722977Z,evalSeparateNoiseGroupImuComparisonWithQuadrature,V202,delama_gal3_python,alpha_g13.5375_a14.5209_endpoint_v2_intcov0,0.2,40,0,559,0.8302797736428232,0.6738918864721308,2.0608549359793575,0.35889545920223553,0.0012697603326310679,0.0010272540595548327,0.00266177810583797,0.0015013971754776994,0.021901620819850507,0.013023367837300799
20260914T171354722977Z,evalSeparateNoiseGroupImuComparisonWithQuadrature,V202,delama_gal3_python,alpha_g13.5375_a14.5209_endpoint_v2_intcov0,0.5,100,0,223,1.3804720188045057,1.1590617104774523,3.0564369013880732,0.9030512804235578,0.0023826793434221444,0.0016242312384435295,0.014463881109795655,0.005973036162753306,0.05190592376510362,0.020885109819287397
20260914T171354722977Z,evalSeparateNoiseGroupImuComparisonWithQuadrature,V202,delama_gal3_python,alpha_g13.5375_a14.5209_endpoint_v2_intcov0,1.0,200,0,111,2.0729475387737337,1.822116972090348,4.433442074470587,1.7130042836832755,0.0036602321483143446,0.002297009808347115,0.05192444114146992,0.01726993855866338,0.09665304457225513,0.030940928704420282
20260914T171354722977Z,evalSeparateNoiseGroupImuComparisonWithQuadrature,V203,galilean,alpha_g13.5375_a14.5209_endpoint_v2_intcov0,0.2,40,0,543,1.55345,0.963858,5.22787,4.51039,0.00157387,0.00102725,0.00258666,0.00150138,0.0236601,0.0130232
20260914T171354722977Z,evalSeparateNoiseGroupImuComparisonWithQuadrature,V203,quadrature,alpha_g13.5375_a14.5209_endpoint_v2_intcov0,0.2,40,6,543,1.93558,1.10058,7.35555,6.01064,0.00196242,0.00103491,0.00254639,0.0014858,0.0239759,0.0131137
20260914T171354722977Z,evalSeparateNoiseGroupImuComparisonWithQuadrature,V203,manifold,alpha_g13.5375_a14.5209_endpoint_v2_intcov0,0.2,40,0,543,1.57505,0.979551,5.22033,4.5638,0.00157387,0.00102725,0.00262262,0.00150127,0.0240238,0.0130219
20260914T171354722977Z,evalSeparateNoiseGroupImuComparisonWithQuadrature,V203,galilean,alpha_g13.5375_a14.5209_endpoint_v2_intcov0,0.5,100,0,217,2.22279,1.50441,7.17548,6.00675,0.00263113,0.00162423,0.0148,0.00597332,0.0553492,0.0208835
20260914T171354722977Z,evalSeparateNoiseGroupImuComparisonWithQuadrature,V203,quadrature,alpha_g13.5375_a14.5209_endpoint_v2_intcov0,0.5,100,10,217,2.35658,1.53004,6.31958,6.10713,0.00309254,0.0016322,0.0145129,0.00594573,0.0551789,0.0209416
20260914T171354722977Z,evalSeparateNoiseGroupImuComparisonWithQuadrature,V203,manifold,alpha_g13.5375_a14.5209_endpoint_v2_intcov0,0.5,100,0,217,2.2723,1.47383,7.23414,6.3365,0.00263113,0.00162423,0.0147043,0.00597218,0.0559304,0.0208784
20260914T171354722977Z,evalSeparateNoiseGroupImuComparisonWithQuadrature,V203,galilean,alpha_g13.5375_a14.5209_endpoint_v2_intcov0,1,200,0,108,2.61408,2.31703,5.25125,3.00338,0.00412829,0.00229701,0.0563441,0.0172755,0.106116,0.03094
20260914T171354722977Z,evalSeparateNoiseGroupImuComparisonWithQuadrature,V203,quadrature,alpha_g13.5375_a14.5209_endpoint_v2_intcov0,1,200,14,108,2.70164,2.49849,5.46227,2.80449,0.00384678,0.00230582,0.0560372,0.0172339,0.108846,0.0309722
20260914T171354722977Z,evalSeparateNoiseGroupImuComparisonWithQuadrature,V203,manifold,alpha_g13.5375_a14.5209_endpoint_v2_intcov0,1,200,0,108,2.66757,2.29825,5.5388,3.17332,0.00412829,0.00229701,0.0560734,0.0172693,0.104266,0.0309263
20260914T171354722977Z,evalSeparateNoiseGroupImuComparisonWithQuadrature,V203,delama_gal3_python,alpha_g13.5375_a14.5209_endpoint_v2_intcov0,0.2,40,0,543,1.55344669224223,0.9638583982993248,5.227871963619714,4.510393994671904,0.0015738698580701654,0.0010272539533370286,0.0025866597460824166,0.0015013810557001255,0.02366013273941439,0.01302321077043682
20260914T171354722977Z,evalSeparateNoiseGroupImuComparisonWithQuadrature,V203,delama_gal3_python,alpha_g13.5375_a14.5209_endpoint_v2_intcov0,0.5,100,0,217,2.22279374183321,1.5044146570578625,7.17548413717535,6.006751176516272,0.0026311348829010633,0.0016242310884718543,0.014800046782159938,0.005973315060134822,0.055349237550120445,0.020883465203259698
20260914T171354722977Z,evalSeparateNoiseGroupImuComparisonWithQuadrature,V203,delama_gal3_python,alpha_g13.5375_a14.5209_endpoint_v2_intcov0,1.0,200,0,108,2.614081848934431,2.317034079983748,5.251251372082071,3.0033760856996765,0.004128289075461899,0.0022970096117945777,0.05634406196904542,0.017275454936548966,0.10611550373937731,0.030940030676122228
